seqID	family	cluster	isBegin	isEnd	isLen	ncopy4is	start1	end1	start2	end2	score	irId	irLen	nGaps	orfBegin	orfEnd	strand	orfLen	E-value	E-value4copy	type	ov	tir
NRLAR-22-ESBL-22-0863-1-FH20_10	ISNCY	ISNCY_229	72236	73588	1353	1	72236	72262	73562	73588	26	20	27	0	72545	73423	+	879	6.6e-126	6.6e-126	c	1	GCAAAGCCGTGCGGATTCAGGAAGAAC:GCAAAGTGGTGCCGATGCTGGATAAAC
NRLAR-22-ESBL-22-0863-1-FH20_107	IS3	IS3_251	22	599	578	1	22	34	587	599	14	10	13	0	238	722	-	485	9.9e-98	9.9e-98	p	1	GGCTGACTCTGAA:GGCTTACCATGAA
NRLAR-22-ESBL-22-0863-1-FH20_108	IS3	IS3_168	43	573	531	1	43	52	564	573	16	9	10	0	1	713	-	713	3.1e-98	3.1e-98	p	1	TAAACACCGT:TAAAAACCGT
NRLAR-22-ESBL-22-0863-1-FH20_117	IS3	IS3_524	123	582	460	1	123	161	543	582	18	26	40	1	66	592	+	527	1.6e-55	1.6e-55	c	1	CGCAGTGAAGCCCTGAAGCTTGCTG-AACGCATCGGTGTT:CGCAGTTCATCCGTCAGGCGTGGGGCACCGTAACGCTGTT
NRLAR-22-ESBL-22-0863-1-FH20_119	IS3	IS3_176	9	341	333	1	9	20	330	341	16	10	12	0	1	452	-	452	8.4e-59	8.4e-59	p	1	GAACGACATGGC:GAACTGCATGGC
NRLAR-22-ESBL-22-0863-1-FH20_12	IS21	IS21_259	55166	56136	971	1	55166	55183	56119	56136	20	14	18	0	55273	56010	+	738	4.1e-14	4.1e-14	p	1	CGCAGCCTGCAAATCGGT:CGCAGCATGCACCCCGGT
NRLAR-22-ESBL-22-0863-1-FH20_12	ISNCY	ISNCY_229	94905	96204	1300	1	94905	94926	96183	96204	20	16	22	0	95349	96305	-	957	1e-124	1e-124	c	1	AGAATTGCCTGAACAGGTCGAT:AGATTTACGTGAACTGTGCGAT
NRLAR-22-ESBL-22-0863-1-FH20_127	IS6	IS6_292	1	487	487	1	0	0	0	0	0	0	0	0	1	487	+	487	3.1e-63	3.1e-63	p	1	-:-
NRLAR-22-ESBL-22-0863-1-FH20_149	ISAS1	ISAS1_192	1	281	281	1	0	0	0	0	0	0	0	0	1	281	+	281	2.7e-21	2.7e-21	p	1	-:-
NRLAR-22-ESBL-22-0863-1-FH20_15	IS3	IS3_369	130	518	389	1	130	143	505	518	20	12	14	0	1	338	-	338	4e-50	4e-50	p	1	TTAATACGCAACTC:TTAATATGCAATTC
NRLAR-22-ESBL-22-0863-1-FH20_15	ISAS1	ISAS1_192	127284	128719	1436	1	127284	127315	128688	128719	24	22	32	0	127201	128337	-	1137	4.3e-104	4.3e-104	c	1	CCTTGAATACCTTATCATTCGTCAAAATATTA:CCTTGAAAAGGATTTCATCTGCCAGAGTATTA
NRLAR-22-ESBL-22-0863-1-FH20_164	IS30	IS30_173	106	297	192	1	106	121	282	297	16	12	16	0	15	415	-	401	4.7e-20	4.7e-20	p	1	CCAGAACAAGCTTTCG:CCAAAATGAGCATTCG
NRLAR-22-ESBL-22-0863-1-FH20_167	IS1	IS1_316	44	339	296	1	44	52	331	339	14	8	9	0	1	406	+	406	5.1e-57	5.1e-57	p	1	ACGCACCAG:ACGCCCCAG
NRLAR-22-ESBL-22-0863-1-FH20_18	ISAS1	ISAS1_192	1186	2868	1683	1	1186	1203	2851	2868	24	15	18	0	1539	2529	+	991	1.2e-94	1.2e-94	c	1	TAGTAAACTGGAGAATAT:TAGTCAACAGTAGAATAT
NRLAR-22-ESBL-22-0863-1-FH20_18	ISAS1	ISAS1_192	2711	3651	941	1	2711	2724	3638	3651	20	12	14	0	2769	3560	+	792	1.8e-75	1.8e-75	p	1	GCTGTTTTTTATTG:GCTGCTTTTTGTTG
NRLAR-22-ESBL-22-0863-1-FH20_186	IS3	IS3_445|IS3||protein:plasmid:114110	1	255	255	1	0	0	0	0	0	0	0	0	1	255	+	255	1.3e-49	1.3e-49	p	1	-:-
NRLAR-22-ESBL-22-0863-1-FH20_19	ISAS1	ISAS1_192	39015	41096	2082	1	39015	39033	41078	41096	22	15	19	0	39486	40622	+	1137	2.1e-103	2.1e-103	c	1	TGGCAGTTGAACTTCTTCA:TGGCAGATGAGCATCTACA
NRLAR-22-ESBL-22-0863-1-FH20_19	new	new_343	98418	99322	905	1	98418	98443	99297	99322	32	21	26	0	98448	99081	+	634	6.4e-64	6.4e-64	c	1	TCATTCCTGCTTTTGTCAGGGAGATC:TCATTCTTGCTACTGTAAGGGGGATC
NRLAR-22-ESBL-22-0863-1-FH20_194	ISAS1	ISAS1_192	75	255	181	1	0	0	0	0	0	0	0	0	75	255	+	181	2.6e-11	2.6e-11	p	1	-:-
NRLAR-22-ESBL-22-0863-1-FH20_199	IS3	IS3_369	1	255	255	1	0	0	0	0	0	0	0	0	1	255	+	255	6.6e-37	6.6e-37	p	1	-:-
NRLAR-22-ESBL-22-0863-1-FH20_20	ISAS1	ISAS1_192	173	934	762	1	173	202	905	934	32	23	30	0	75	836	+	762	9.2e-73	9.2e-73	p	1	TATTTGTGCCGTTATTTCTGGTGCAGAAGG:TATTTGTGAAGTTAATCCTGTTGTAGCAGG
NRLAR-22-ESBL-22-0863-1-FH20_21	IS3	IS3_176	88612	90090	1479	1	88612	88624	90078	90090	22	12	13	0	88483	90122	-	1640	4e-119	4e-119	p	1	CCGTTCGGATTTT:CCGTTCTGATTTT
NRLAR-22-ESBL-22-0863-1-FH20_21	IS3	IS3_474|IS3||protein:plasmid:117390	91525	91710	186	1	0	0	0	0	0	0	0	0	91525	91710	+	186	4.4e-38	4.4e-38	p	1	-:-
NRLAR-22-ESBL-22-0863-1-FH20_21	IS3	IS3_472	96154	97272	1119	1	96154	96180	97246	97272	18	18	27	0	96519	97331	+	813	1.5e-27	1.5e-27	p	1	TTGATTAGGATGCCAGTGCATTTGCAG:TTGCTCTGGAGACCATTTCATCTCCAG
NRLAR-22-ESBL-22-0863-1-FH20_25	IS21	IS21_38	3698	6169	2472	1	3698	3724	6143	6169	38	23	27	0	3766	6052	-	2287	2e-243	2e-243	c	1	CTGTTGATTTGCACCCAAATTTGACCC:CTGTTGAGTTGCATCTAAAATTGACCC
NRLAR-22-ESBL-22-0863-1-FH20_26	IS21	IS21_259	9136	11256	2121	1	9136	9154	11238	11256	22	15	19	0	9402	10805	-	1404	5.7e-13	5.7e-13	p	1	TTTCCGCGCCTTCAGGCAG:TTTCCGCACCTTTTCGCAG
NRLAR-22-ESBL-22-0863-1-FH20_3	IS200/IS605	IS200/IS605_138	581	2443	1863	1	0	0	0	0	0	0	0	0	1020	2443	+	1424	6.4e-172	6.4e-172	c	1	-:-
NRLAR-22-ESBL-22-0863-1-FH20_3	ISNCY	ISNCY_86	230390	232238	1849	1	230390	230401	232227	232238	24	12	12	0	230576	231889	+	1314	4.2e-141	4.2e-141	p	1	AGTTAACATTAC:AGTTAACATTAC
NRLAR-22-ESBL-22-0863-1-FH20_30	IS200/IS605	IS200/IS605_138	23226	24934	1709	1	0	0	0	0	0	0	0	0	23226	24434	-	1209	1.4e-170	1.4e-170	c	1	-:-
NRLAR-22-ESBL-22-0863-1-FH20_33	ISAS1	ISAS1_192	50	382	333	1	50	67	365	382	20	14	18	0	1	429	+	429	5.6e-18	5.6e-18	p	1	CTGGCACGTGGAGAATAA:CTGGGACGGGGAGGTTAA
NRLAR-22-ESBL-22-0863-1-FH20_33	IS481	IS481_213	41775	43114	1340	1	41775	41794	43095	43114	20	15	20	0	42231	42832	+	602	6e-56	6e-56	c	1	GCCTGAACGAAGAGTATTTC:GCTTGAATTAAGAGTCTATC
NRLAR-22-ESBL-22-0863-1-FH20_38	IS110	IS110_236	346	1050	705	1	346	364	1032	1050	22	15	19	0	306	962	-	657	7.7e-42	7.7e-42	p	1	GTCAGCAGTTTGCGCATAC:GTAAGCAAATGGCGCATAC
NRLAR-22-ESBL-22-0863-1-FH20_38	IS66	IS66_43	9329	10590	1262	1	9329	9343	10576	10590	22	13	15	0	9763	10593	-	831	3.2e-72	3.2e-72	p	1	AATATGCGTATCCGG:AATATCCGTATCTGG
NRLAR-22-ESBL-22-0863-1-FH20_38	IS66	IS66_393	10509	11671	1163	1	10509	10529	11651	11671	30	18	21	0	10600	11308	-	709	6.3e-32	6.3e-32	p	1	CACGCAGTTTTTCGATGTCAT:CACGCAGTTTTTCGTCATCAT
NRLAR-22-ESBL-22-0863-1-FH20_38	IS3	IS3_255	11303	12091	789	1	11303	11325	12068	12091	18	18	24	1	11415	12042	+	628	8e-82	8e-82	p	1	TGACATTGATTATCTC-CGGTAAG:TGACGTTGATATTCCCTCGGTGAG
NRLAR-22-ESBL-22-0863-1-FH20_38	IS3	IS3_168	19178	20460	1283	1	19178	19200	20438	20460	46	23	23	0	19230	20532	+	1303	1.1e-110	1.1e-110	c	1	AACCGCCCCGGAAATCCTGGAGA:AACCGCCCCGGAAATCCTGGAGA
NRLAR-22-ESBL-22-0863-1-FH20_38	IS3	IS3_271	20570	20978	409	1	20570	20581	20967	20978	24	12	12	0	20554	20941	-	388	1.5e-37	1.5e-37	p	1	GTTAGTAATGTC:GTTAGTAATGTC
NRLAR-22-ESBL-22-0863-1-FH20_38	IS3	IS3_255	23493	25685	2193	1	23493	23519	25659	25685	22	19	27	0	23506	25757	+	2252	3.3e-175	3.3e-175	c	1	CATTGGAGAGCAGATGATTGATGTCTT:CAGTTGCGAGCGGGTAATGGATATCTT
NRLAR-22-ESBL-22-0863-1-FH20_38	IS66	IS66_46	25521	27171	1651	1	25521	25534	27158	27171	24	13	14	0	25788	26732	+	945	3.6e-80	3.6e-80	c	1	TTCTCCGGTCACCT:TTCTCCGGTCATCT
NRLAR-22-ESBL-22-0863-1-FH20_38	IS110	IS110_208	30003	31184	1182	1	30003	30020	31167	31184	24	15	18	0	30349	30939	-	591	1.2e-30	1.2e-30	p	1	TATCAATAATCTTGTGCT:TACCCATACTCTTGTGCT
NRLAR-22-ESBL-22-0863-1-FH20_39	IS6	IS6_292	38379	39187	809	1	38379	38395	39171	39187	22	14	17	0	38500	39282	+	783	5.1e-62	5.1e-62	c	1	GGATGCCTTATCGGTAA:GGCTGCCTCATCGCTAA
NRLAR-22-ESBL-22-0863-1-FH20_4	IS1	IS1_316	228720	228831	112	1	0	0	0	0	0	0	0	0	228720	228831	-	112	3.3e-19	3.3e-19	p	1	-:-
NRLAR-22-ESBL-22-0863-1-FH20_40	IS66	IS66_345	1	170	170	1	0	0	0	0	0	0	0	0	1	170	+	170	2.7e-23	2.7e-23	p	1	-:-
NRLAR-22-ESBL-22-0863-1-FH20_40	IS66	IS66_46	19120	21092	1973	1	0	0	0	0	0	0	0	0	19120	21092	-	1973	9.9e-101	9.9e-101	p	1	-:-
NRLAR-22-ESBL-22-0863-1-FH20_40	IS3	IS3_255	21337	22650	1314	1	21337	21369	22618	22650	34	25	33	0	21419	22647	+	1229	8.1e-175	8.1e-175	c	1	CCCATGAATCTCCAGACAACCAATATCACTTAA:CCCCTATATTTCCAGACACCTGTTATCACTTAA
NRLAR-22-ESBL-22-0863-1-FH20_40	IS21	IS21_203	27392	29125	1734	1	27392	27408	29109	29125	22	14	17	0	27599	29111	+	1513	8.4e-104	8.4e-104	p	1	ATTAATCCACTGGTTTA:ATTGATCCACCGTTTTA
NRLAR-22-ESBL-22-0863-1-FH20_46	IS3	IS3_461	65	445	381	1	65	78	432	445	16	11	14	0	1	440	-	440	6.3e-53	6.3e-53	p	1	CCATAGTTCAAAAA:CCATAATGAAAAAA
NRLAR-22-ESBL-22-0863-1-FH20_46	IS110	IS110_170	718	2498	1781	1	718	752	2464	2498	38	27	35	0	1008	2245	+	1238	6e-141	6e-141	c	1	TTATGTTCAGAGTAAGCGTCAACGGAGCACCGTAT:TTATCTGAACAGTAAGCGTAAACTGACCGCCGTAT
NRLAR-22-ESBL-22-0863-1-FH20_46	IS1	IS1_316	2381	3618	1238	1	2381	2398	3601	3618	24	15	18	0	2325	3168	-	844	1e-88	1e-88	c	1	TTCGCCAGTCCTGTAATT:TTCGTCCGGCCTGTAATT
NRLAR-22-ESBL-22-0863-1-FH20_49	IS5	IS5_112	606	1808	1203	1	606	625	1789	1808	32	18	20	0	756	1736	-	981	1.1e-164	1.1e-164	c	1	CTATGGAAGGTGCGAATAAG:CTAGGGAAGGTGCGAACAAG
NRLAR-22-ESBL-22-0863-1-FH20_49	IS5	IS5_222	14003	16464	2462	1	14003	14021	16446	16464	22	15	19	0	14244	16319	-	2076	3.8e-135	3.8e-135	c	1	TATTGTATTTGAGAATAGG:TATTGGATTTTATAATTGG
NRLAR-22-ESBL-22-0863-1-FH20_49	IS66	IS66_46	20448	21405	958	1	20448	20461	21392	21405	20	12	14	0	20470	21540	-	1071	2.1e-83	2.1e-83	p	1	GCCAGATAAAAGAA:GCCATATAAAGGAA
NRLAR-22-ESBL-22-0863-1-FH20_5	ISNCY	ISNCY_229	75392	77016	1625	1	75392	75407	77001	77016	20	13	16	0	75882	76841	-	960	2.8e-113	2.8e-113	c	1	GCCTGCTTCGGTGAAA:GCCTGCTTTGAGGAAA
NRLAR-22-ESBL-22-0863-1-FH20_50	IS256	IS256_47	7198	10008	2811	1	7198	7231	9974	10008	24	25	35	1	7340	9768	+	2429	4.7e-142	4.7e-142	c	1	ATTAAAAAATAAATAAGACTGACCCAA-TATACCA:ATTAGAAAAAAAATGACATTACCAGAACTATACCA
NRLAR-22-ESBL-22-0863-1-FH20_50	IS3	IS3_479	15175	15413	239	1	0	0	0	0	0	0	0	0	15175	15413	+	239	2.8e-24	2.8e-24	p	1	-:-
NRLAR-22-ESBL-22-0863-1-FH20_50	IS3	IS3_176	15815	17090	1276	1	15815	15849	17056	17090	30	25	35	0	15738	17009	-	1272	4.3e-121	4.3e-121	c	1	AGAGGATACTGTAGTGGTCAAGTAATACTGGCCAC:AGATGTTTTTGTAGTGGCACAGTAAATTTGGCCAC
NRLAR-22-ESBL-22-0863-1-FH20_50	IS66	IS66_393	17519	17888	370	1	17519	17537	17870	17888	18	14	19	0	17556	17888	+	333	8.2e-25	8.2e-25	p	1	TCAAGGTGTTAATCCGTGA:TCAGCGCGTTAAGGCGTGA
NRLAR-22-ESBL-22-0863-1-FH20_53	IS66	IS66_345	109	420	312	1	109	120	409	420	20	11	12	0	1	556	+	556	1.1e-21	1.1e-21	p	1	GAAACCCGGGGC:GAAACCCCGGGC
NRLAR-22-ESBL-22-0863-1-FH20_54	IS66	IS66_345	792	1708	917	1	792	811	1690	1708	22	17	20	1	1115	1475	+	361	2.4e-41	2.4e-41	p	1	AGCCTTTTCTAATATTTCAT:AGTCGTTTC-AATATTTCAT
NRLAR-22-ESBL-22-0863-1-FH20_54	ISL3	ISL3_265|ISL3||protein:plasmid:123177	6078	7843	1766	1	6078	6120	7801	7843	46	33	43	0	6368	7747	-	1380	2.8e-145	2.8e-145	c	1	CTGTCACGAACAGTGCAAAAGTGGCTCTTCCTCAACCTAGGTG:CTGTCAACGACGGATGAAAAGTGGTTCTTCCGCAACCTGGGTG
NRLAR-22-ESBL-22-0863-1-FH20_55	IS66	IS66_393	2640	3555	916	1	2640	2682	3512	3555	26	30	44	1	2613	3337	+	725	1.3e-59	1.3e-59	p	1	CGAAAAGGCTGCCCTAATT-ATCCTCCCGAATTTAAACAGCAGC:CGGAACGACTGCCGAAGTTCATCCGGCGGAGTTTATCCAGCTGC
NRLAR-22-ESBL-22-0863-1-FH20_55	IS66	IS66_46	3263	4767	1505	1	3263	3276	4754	4767	20	12	14	0	3387	4772	+	1386	3.8e-166	3.8e-166	p	1	CAGCTGGCGATGCT:CAGCTGGCAGTGCT
NRLAR-22-ESBL-22-0863-1-FH20_55	IS5	IS5_112	6740	7946	1207	1	6740	6761	7925	7946	36	20	22	0	6814	7794	+	981	1.8e-164	1.8e-164	c	1	AGCTTAGGAAGGTGCGAACAAG:AGCTAAGGAAGGTGCGAATAAG
NRLAR-22-ESBL-22-0863-1-FH20_55	IS3	IS3_176	9373	10738	1366	1	9373	9384	10727	10738	20	11	12	0	9523	10835	-	1313	1e-118	1e-118	p	1	TGAACAGCTCTC:TGAACAGTTCTC
NRLAR-22-ESBL-22-0863-1-FH20_56	IS21	IS21_35	6050	8135	2086	1	6050	6078	8107	8135	22	20	29	0	6444	7979	+	1536	2.8e-238	2.8e-238	c	1	TCGAAATCATCTTCCTGCATCAGCATTTC:TCGTCATCAACCAGCAGCGTCAGCCTTTC
NRLAR-22-ESBL-22-0863-1-FH20_56	IS21	IS21_288	7953	8851	899	1	7953	7969	8835	8851	18	13	17	0	7996	8751	+	756	1.6e-109	1.6e-109	p	1	CTGCGTGGTCCGGGCTA:CTGCGTATTCCGCTCTA
NRLAR-22-ESBL-22-0863-1-FH20_56	IS3	IS3_255	9552	10321	770	1	9552	9574	10299	10321	26	18	23	0	9607	10244	+	638	1.1e-47	1.1e-47	p	1	GGTGATGCTGCCAACTTACTGAT:GGTAATGACTCCAACTTATTGAT
NRLAR-22-ESBL-22-0863-1-FH20_57	IS3	IS3_255	821	2134	1314	1	821	853	2102	2134	38	26	33	0	824	2052	-	1229	3.3e-178	3.3e-178	c	1	CCCCTATATTTCCAGACATCTGTTATCACTTAA:CCCCTGAATCTCCAGACAACCAATATCACTTAA
NRLAR-22-ESBL-22-0863-1-FH20_57	IS3	IS3_251	6222	7134	913	1	6222	6231	7125	7134	20	10	10	0	6198	6749	-	552	1.6e-81	1.6e-81	p	1	ACAGTAAAAA:ACAGTAAAAA
NRLAR-22-ESBL-22-0863-1-FH20_6	ISNCY	ISNCY_229	52426	53433	1008	1	52426	52438	53421	53433	22	12	13	0	52489	53391	+	903	2.6e-132	2.6e-132	p	1	GATGTCAAAGGCC:GATATCAAAGGCC
NRLAR-22-ESBL-22-0863-1-FH20_6	ISNCY	ISNCY_229	113400	114953	1554	1	113400	113417	114936	114953	20	14	18	0	113636	114526	-	891	8.4e-131	8.4e-131	c	1	GCGCTCGGTCATGCGCTG:GCGCTCGATCCTGAACTG
NRLAR-22-ESBL-22-0863-1-FH20_61	IS200/IS605	IS200/IS605_384	4125	4865	741	1	0	0	0	0	0	0	0	0	4125	4865	+	741	1.1e-49	1.1e-49	p	1	-:-
NRLAR-22-ESBL-22-0863-1-FH20_7	IS200/IS605	IS200/IS605_449	36026	36682	657	1	0	0	0	0	0	0	0	0	36026	36682	-	657	9.8e-30	9.8e-30	p	1	-:-
NRLAR-22-ESBL-22-0863-1-FH20_7	IS200/IS605	IS200/IS605_138	36705	37797	1093	1	0	0	0	0	0	0	0	0	36705	37797	+	1093	1.4e-102	1.4e-102	c	1	-:-
NRLAR-22-ESBL-22-0863-1-FH20_74	IS3	IS3_599|IS3||protein:plasmid:25420	1	73	73	1	0	0	0	0	0	0	0	0	1	73	-	73	2.2e-11	2.2e-11	p	1	-:-
NRLAR-22-ESBL-22-0863-1-FH20_76	ISAS1	ISAS1_192	1474	1728	255	1	0	0	0	0	0	0	0	0	1474	1728	+	255	2.2e-19	2.2e-19	p	1	-:-
NRLAR-22-ESBL-22-0863-1-FH20_76	ISAS1	ISAS1_192	1854	2034	181	1	0	0	0	0	0	0	0	0	1854	2034	+	181	2e-11	2e-11	p	1	-:-
NRLAR-22-ESBL-22-0863-1-FH20_8	IS21	IS21_259	30782	32709	1928	1	30782	30802	32689	32709	22	16	21	0	31107	32637	-	1531	6.2e-18	6.2e-18	p	1	TTTCTCCGTCAGGTAATGACC:TTACTCCGACAGGTTAACACC
NRLAR-22-ESBL-22-0863-1-FH20_84	IS4	IS4_169	1	1343	1343	1	1	25	1319	1343	50	25	25	0	58	1170	+	1113	4.6e-260	4.6e-260	c	1	CCCATAAGCGCTAACTTAAGGGTTG:CCCATAAGCGCTAACTTAAGGGTTG
NRLAR-22-ESBL-22-0863-1-FH20_85	IS3	IS3_168	1	1310	1310	1	1	25	1286	1310	42	23	25	0	43	1256	-	1214	3e-138	3e-138	c	1	TGAACCGCCCCGGGTTTCCTGGAGA:TGAACCGCCCCGGGAATCCTGGAGA
NRLAR-22-ESBL-22-0863-1-FH20_89	IS3	IS3_61	6	1046	1041	1	6	16	1036	1046	14	9	11	0	27	1185	-	1159	2.4e-139	2.4e-139	p	1	TGACCCCAAAA:TGGCACCAAAA
NRLAR-22-ESBL-22-0863-1-FH20_94	ISAS1	ISAS1_192	47	826	780	1	47	58	815	826	16	10	12	0	1	929	+	929	1.6e-91	1.6e-91	p	1	TTTGTGCCGTTA:TTTCTGCGGTTA
NRLAR-22-ESBL-22-0863-1-FH20_99	IS30	IS30_173	7	552	546	1	7	24	534	552	20	16	19	1	63	578	-	516	1.1e-84	1.1e-84	p	1	TTCCCG-ATTATCGAGAAC:TTCCCGAAATATCGATAAC
